Time/BA(s);RefinedPose;ConstPose;IgnoredPose;RefinedPts;ConstPts;IgnoredPts;RefinedK;ConstK;IgnoredK;ResidualBlocks;SuccessIteration;BadIteration;InitRMSE;FinalRMSE;d=-1;d=0;d=1;d=2;d=3;d=4;d=5;d=6;d=7;d=8;d=9;d=10+;
0.0145508;2;0;0;2470;0;0;0;1;0;4940;4;0;0.513248;0.483701;0;0;0;0;0;0;0;0;0;0;0;0;
0.0866358;3;0;0;10535;0;0;1;0;0;21070;6;0;0.611749;0.452536;0;0;0;0;0;0;0;0;0;0;0;0;
0.159179;4;0;0;12717;0;0;1;0;0;25434;6;0;0.606313;0.499572;0;0;0;0;0;0;0;0;0;0;0;0;
0.195325;5;0;0;15467;0;0;1;0;0;30934;6;0;0.557392;0.48683;0;0;0;0;0;0;0;0;0;0;0;0;
0.253923;6;0;0;19827;0;0;1;0;0;39654;6;0;0.508746;0.46698;0;0;0;0;0;0;0;0;0;0;0;0;
