Time/BA(s);RefinedPose;ConstPose;IgnoredPose;RefinedPts;ConstPts;IgnoredPts;RefinedK;ConstK;IgnoredK;ResidualBlocks;SuccessIteration;BadIteration;InitRMSE;FinalRMSE;d=-1;d=0;d=1;d=2;d=3;d=4;d=5;d=6;d=7;d=8;d=9;d=10+;
0.0113028;2;0;0;2588;0;0;0;1;0;5176;3;0;0.490447;0.47881;0;0;0;0;0;0;0;0;0;0;0;0;
0.0840543;3;0;0;10506;0;0;1;0;0;21012;6;0;0.627452;0.465236;0;0;0;0;0;0;0;0;0;0;0;0;
0.18285;4;0;0;12710;0;0;1;0;0;25420;7;0;0.619735;0.505899;0;0;0;0;0;0;0;0;0;0;0;0;
0.162499;5;0;0;15459;0;0;1;0;0;30918;5;0;0.552489;0.487888;0;0;0;0;0;0;0;0;0;0;0;0;
0.249587;6;0;0;19808;0;0;1;0;0;39616;6;0;0.502131;0.46342;0;0;0;0;0;0;0;0;0;0;0;0;
